Workbook

Sheet raw_data
A1: student_id | B1: branch | C1: track | D1: gender | E1: age | F1: study_hours_week | G1: commute_minutes | H1: sleep_hours | I1: projects_submitted | J1: satisfaction_1to5 | K1: has_laptop | L1: transport | M1: pets_at_home | N1: favorite_sport | O1: final_score
A2: ITI-1031 | B2: Cairo | C2: Data Science | D2: Male | E2: 21 | F2: 16.5 | G2: 34.1 | H2: 5.5 | I2: 2 | J2: 3 | K2: Yes | L2: Car | M2: 0 | N2: Swimming | O2: 79.3
A3: ITI-1117 | B3: Assiut | C3: Data Science | D3: Female | E3: 29 | F3: 25.1 hours | G3: 5.0 | H3: 6.6 | I3: 3 | J3: 4 | K3: Yes | L3: Metro | M3: 1 | N3: Football | O3: 91.7
A4: ITI-1080 | B4: Cairo | C4: Data Science | D4: Male | E4: 25 | F4: 14.1 | G4: 73.2 | H4: 7.7 | I4: 0 | J4: 4 | K4: Yes | L4: Bus | M4: 0 | O4: 79.3
A5: ITI-1128 | B5: Cairo | C5: Web Development | D5: Female | E5: 25 | F5: -5 | G5: 13.7 | H5: 6.3 | I5: 2 | J5: 4 | K5: Yes | L5: Metro | M5: 1 | O5: 90.6
A6: ITI-1197 | B6: Menoufia | C6: Web Development | D6: Male | E6: 25 | F6: 19.9 | G6: 17.2 | H6: 6.9 | I6: 3 | J6: 3 | K6: No | L6: Car | M6: 0 | N6: none | O6: 86.8
A7: ITI-1138 | B7: Cairo | C7: UI/UX | D7: Male | E7: 22 | F7: 8.5 | G7: 29.6 | H7: 5.2 | I7: 4 | J7: 2 | K7: Yes | L7: Microbus | M7: 1 | N7: Running | O7: 59.1
A8: ITI-1210 | B8: Cairo | C8: Data Science | D8: Male | E8: 21 | F8: 20.4 | G8: 56.1 | H8: 6.2 | I8: 3 | J8: 5 | K8: Yes | L8: Bus | M8: 0 | N8: Football | O8: 92.5
A9: ITI-1046 | B9: Cairo | C9: Data Science | D9: Female | E9: 23 | F9: 14.0 | G9: 51.7 | H9: 7.4 | I9: 3 | J9: 3 | K9: Yes | L9: Bus | M9: 3 | N9: Football | O9: 72.6
A10: ITI-1159 | B10: Assiut | C10: Data Science | D10: Male | E10: 20 | F10: 17.6 | G10: 21.8 | H10: 6.1 | I10: 5 | J10: 4 | K10: Yes | L10: Walk | M10: 1 | N10: Swimming | O10: 88.6
A11: ITI-1248 | B11: Alexandria | C11: Data Science | D11: Male | E11: 22 | F11: 18.7 | G11: 15.0 | H11: 7.3 | I11: 4 | J11: 4 | K11: No | L11: Microbus | M11: 0 | N11: Basketball | O11: 84.9
A12: ITI-1184 | B12: Mansoura | C12: Web Development | D12: Female | E12: 23 | F12: 12.2 | G12: 58.2 | H12: 7.3 | I12: 7 | J12: 3 | K12: 1 | L12: Microbus | M12: 2 | O12: 71.9
A13: ITI-1042 | B13: cairo | C13: Data Science | D13: Male | E13: 27 | F13: 21.9 | G13: 22.8 | H13: 6.7 | I13: 6 | J13: 5 | K13: Yes | L13: Bus | M13: 0 | N13: Basketball | O13: 87.7
A14: ITI-1228 | B14: alexandria | C14: Web Development | D14: Female | E14: 20 | G14: 15.7 | H14: 6.1 | I14: 2 | J14: 5 | K14: Yes | L14: Car | M14: 0 | N14: Football | O14: 55,6
A15: ITI-1083 | B15: Cairo | C15: Data Science | D15: Male | E15: 23 | F15: 12.3 | G15: 39.2 | H15: 6.3 | I15: 5 | J15: 5 | K15: Yes | L15: Bus | M15: 0 | N15: Running | O15: 78.6
A16: ITI-1166 | B16: Alexandria | C16: web development | D16: Male | E16: 26 | F16: 13.1 hours | G16: 63.8 | H16: 7.9 | I16: 1 | J16: 5 | K16: Y | L16: Bus | M16: 0 | N16: none | O16: 74.3
A17: ITI-1195 | B17: Mansoura | C17: UI/UX | D17: Female | E17: 25 | F17: 14.7 | G17: 13.6 | H17: 6.9 | I17: 4 | J17: 3 | K17: Yes | L17: Bus | M17: 0 | O17: 77.2
A18: ITI-1227 | B18: Alexandria | C18: Web Development | D18: Male | E18: 22 | F18: 16.6 | G18: 59.1 | H18: 7.5 | I18: 2 | J18: 3 | K18: Yes | L18: Bus | M18: 0 | N18: Basketball | O18: 66.8
A19: ITI-1147 | B19: Cairo | C19: Data Science | D19: Female | E19: 20 | F19: 18.6 | G19: 44.3 | H19: 7 | I19: 6 | J19: 2 | K19: Yes | L19: Metro | M19: 0 | N19: Football | O19: 83.7
A20: ITI-1105 | B20: Alexandria | C20: Web Development | D20: Female | E20: 25 | F20: 25.9 | G20: 22.4 | H20: 7.1 | I20: 4 | J20: 3 | K20: Yes | L20: bus | M20: 0 | N20: Running | O20: 87.4
A21: ITI-1061 | B21: Assiut | C21: data science | D21: Male | E21: 23 | F21: 24.3 | G21: 5.0 | H21: 6 | I21: 5 | J21: 5 | K21: No | L21: Metro | M21: 1 | N21: Football | O21: 91.6
A22: ITI-1222 | B22: Cairo | C22: Data Science | D22: Male | E22: 21 | F22: 21.2 | G22: 30.3 | H22: 7.2 | I22: 6 | J22: 5 | K22: Yes | L22: Walk | M22: 0 | N22: Football | O22: 90.0
A23: ITI-1109 | B23: Menoufia | C23: Data Science | D23: Male | E23: 23 | F23: 9.5 | G23: 43.9 | H23: 6.6 | I23: 3 | J23: 5 | K23: Yes | L23: Microbus | M23: 1 | N23: Basketball | O23: 77.0
A24: ITI-1047 | B24: Cairo | C24: Data Science | D24: Female | E24: 22 | F24: 6.4 | G24: 17.1 | H24: 7 | I24: 4 | J24: 3 | K24: Yes | L24: METRO | M24: 0 | N24: Football | O24: 66.9
A25: ITI-1043 | B25: Cairo | C25: UI/UX | D25: Female | E25: 24 | F25: 13.7 | G25: 111.7 | H25: 6.9 | I25: 1 | J25: 3 | K25: 1 | L25: Bus | M25: 2 | O25: 69.4
A26: ITI-1186 | B26: Cairo | C26: Embedded Systems | D26: Male | E26: 21 | F26: 18.3 | G26: 66.4 | H26: 8.7 | I26: 4 | J26: 3 | K26: Yes | L26: Bus | M26: 0 | O26: 85.7
A27: ITI-1010 | B27: Menoufia | C27: Data Science | D27: Female | E27: 24 | F27: 25.7 | G27: 10.8 | H27: 6.1 | I27: 3 | J27: 4 | K27: Yes | L27: Walk | M27: 2 | N27: No sport | O27: 80.3
A28: ITI-1023 | B28: Menoufia | C28: Web Development | D28: Male | E28: 24 | F28: 21.5 | G28: 8.4 | H28: 7 | I28: 7 | J28: 5 | K28: Yes | L28: Bus | M28: 1 | N28: none | O28: 91.7
A29: ITI-1200 | B29: Alexandria | C29: Web Development | D29: Male | E29: 23 | G29: 35.2 | H29: 6.6 | I29: 3 | J29: 3 | K29: Yes | L29: Walk | M29: 1 | N29: Football | O29: 75.3
A30: ITI-1110 | B30: Mansoura | C30: Web Development | D30: Female | E30: 20 | F30: 9.3 | G30: 31 min | H30: 6.7 | I30: 1 | J30: 4 | K30: No | L30: Car | M30: 0 | N30: Running | O30: 74.6
A31: ITI-1025 | B31: Mansoura | C31: Data Science | D31: Male | E31: 20 | F31: 17.7 | G31: 43.8 | H31: 6.8 | I31: 7 | J31: 4 | K31: Yes | L31: Walk | M31: 0 | N31: Swimming | O31: 77.2
A32: ITI-1114 | B32: Mansoura | C32: Data Science | D32: Female | E32: 29 | F32: 18.8 | G32: 16.2 | H32: 5.7 | I32: 0 | J32: 3 | K32: No | L32: Metro | M32: 1 | N32: Running | O32: 76.6
A33: ITI-1069 | B33: Cairo | C33: UI/UX | D33: Male | E33: 24 | F33: 16.5 | G33: 83 min | H33: 8.1 | I33: 2 | J33: 4 | K33: Yes | L33: Metro | M33: 0 | O33: 90.0
A34: ITI-1145 | B34: Menoufia | C34: Web Development | D34: Male | E34: 150 | F34: 15.7 | G34: 52.6 | H34: 6.4 | I34: 2 | J34: 3 | K34: No | L34: Bus | M34: 1 | N34: Swimming | O34: 85.1
A35: ITI-1225 | B35: Mansora | C35: Data Science | D35: Male | E35: 25 | F35: 17.9 | G35: 12.2 | H35: 6.3 | I35: 3 | J35: 4 | K35: Yes | L35: Bus | M35: 0 | N35: Swimming | O35: 84.2
A36: ITI-1253 | B36: Cairo | C36: UI/UX | D36: Female | E36: 28 | F36: 9.8 | G36: 27.2 | H36: 7.8 | I36: 2 | J36: 2 | K36: Yes | L36: micro bus | M36: 0 | N36: Running | O36: 71.0
A37: ITI-1007 | B37: Alexandria | C37: Embedded Systems | D37: Male | E37: 24 | F37: 19.7 | G37: 31.9 | H37: 7.6 | I37: 1 | J37: 4 | K37: Yes | L37: Bus | M37: 0 | N37: Running | O37: 90.3
A38: ITI-1121 | B38: Cairo | C38: Data Science | D38: Female | E38: 23 | F38: 12.7 | G38: 11.6 | H38: 6 | I38: 5 | J38: 2 | K38: No | L38: Microbus | M38: 0 | N38: Football | O38: 78.3
A39: ITI-1068 | B39: Menoufia | C39: Data Science | D39: Male | E39: 25 | F39: 16.6 | G39: 44.1 | H39: 6.6 | I39: 3 | J39: 5 | K39: No | L39: Bus | M39: 0 | N39: Football | O39: 79.5
A40: ITI-1120 | B40: Assiut | C40: Data Science | D40: Female | E40: 21 | F40: 14.1 | G40: 18.5 | H40: 8.1 | I40: 3 | J40: 5 | K40: Yes | L40: Car | M40: 0 | N40: Football | O40: 71.9
A41: ITI-1119 | B41: Cairo | C41: Embedded Systems | D41: Female | E41: 25 | F41: 2.0 | G41: 50.1 | H41: 8 | I41: 3 | J41: 4 | K41: No | L41: Bus | M41: 3 | N41: Running | O41: 80.2
A42: ITI-1026 | B42: Alexandria | C42: Cyber Security | D42: Male | E42: 21 | F42: 14.8 | G42: 9.7 | H42: 5.6 | I42: 0 | J42: 4 | K42: No | L42: Car | M42: 1 | O42: 64.2
A43: ITI-1126 | B43: Cairo | C43: Cyber Security | D43: Female | E43: 24 | F43: 18.6 | G43: 74.9 | H43: 5.6 | I43: 3 | J43: 3 | K43: Yes | L43: Walk | M43: 0 | N43: Swimming | O43: 999
A44: ITI-1245 | B44: Cairo | C44: Data Science | D44: Male | E44: 24 | F44: 18.8 | G44: 26.4 | I44: 1 | J44: 3 | K44: Yes | L44: Bus | M44: 60 | N44: Football | O44: 75.2
A45: ITI-1020 | B45: Cairo | C45: Web Development | D45: Female | E45: 24 | F45: 19.0 | G45: 133.7 | H45: 6.1 | I45: 2 | J45: 3 | K45: Yes | L45: Bus | M45: 1 | N45: Football | O45: 68.1
A46: ITI-1078 | B46: Alexandria | C46: Web Development | D46: Male | E46: 28 | F46: 11.0 | G46: 78.0 | H46: 8.5 | I46: 1 | J46: 1 | K46: Yes | L46: Walk | M46: -2 | N46: Basketball | O46: 74.5
A47: ITI-1217 | B47: Cairo | C47: Web Development | D47: Female | E47: 28 | F47: 9.6 | G47: 116.1 | H47: 6.5 | I47: 2 | J47: 4 | K47: Yes | L47: Bus | M47: 0 | N47: Running | O47: 72.5
A48: ITI-1091 | B48: Mansoura | C48: Data Science | D48: Female | E48: 21 | F48: 11.9 | G48: 14.7 | H48: 7.1 | I48: 3 | J48: 5 | K48: Yes | L48: Metro | M48: 0 | N48: Swimming | O48: 69.6
A49: ITI-1209 | B49: Alexandria | C49: Data Science | D49: Female | E49: 22 | F49: 20.1 | G49: 66.6 | H49: 5.6 | I49: 3 | J49: 2 | K49: Yes | L49: Metro | M49: 0 | N49: Volleyball | O49: 62.1
A50: ITI-1094 | B50: Cairo | C50: Cyber Security | D50: Female | E50: 23 | F50: 11.8 | G50: 27.9 | H50: 8.1 | I50: 5 | J50: 2 | K50: Yes | L50: Bus | M50: 0 | N50: Football | O50: 70.0
A51: ITI-1181 | B51: Assiut | C51: Data Science | D51: Male | E51: 22 | F51: 11.3 | G51: 11.8 | H51: 7.1 | I51: 6 | J51: 4 | K51: Yes | L51: Microbus | M51: 1 | N51: Football | O51: 82.1
A52: ITI-1016 | B52: Cairo | C52: UI/UX | D52: Male | E52: 25 | F52: 9.2 | G52: 89.5 | H52: 6.6 | I52: 3 | J52: 4 | K52: N | L52: Metro | M52: 0 | N52: Basketball | O52: 67.6
A53: ITI-1153 | B53: Cairo | C53: Cyber Security | D53: Female | E53: 28 | F53: 18.1 | G53: 37.2 | H53: 4.9 | I53: 1 | J53: 2 | K53: Yes | L53: Metro | M53: 2 | N53: Running | O53: 68.9
A54: ITI-1233 | B54: Alexandria | C54: Web Development | D54: Female | E54: 23 | F54: 20.0 | G54: 26.2 | H54: 5.4 | I54: 4 | J54: 4 | K54: Yes | L54: Bus | M54: 0 | N54: none | O54: 97.4
A55: ITI-1251 | B55: Menoufia | C55: Cyber Security | D55: Male | E55: 25 | F55: 13.4 | G55: 30.7 | H55: 6.1 | I55: 7 | J55: 4 | K55: Yes | L55: Metro | M55: 2 | N55: Swimming | O55: 63.9
A56: ITI-1116 | B56: Menoufia | C56: Web Development | D56: Female | E56: 24 | F56: 12.4 | G56: 15.6 | H56: 8.9 | I56: 5 | J56: 3 | K56: Yes | L56: Bus | M56: 0 | N56: Football | O56: 71.0
... A63: ITI-1076 | B63: Mansoura | C63: cyber security | D63: Male | E63: 29 | F63: 6.8 | G63: 17.0 | H63: 6.6 | I63: 4 | J63: 4 | K63: Yes | L63: Bus | M63: 0 | N63: No sport | O63: 65.4
A64: ITI-1149 | B64: Assiut | C64: Web Development | D64: Female | E64: 25 | F64: 18.1 | G64: 44.5 | H64: 7.6 | I64: 7 | J64: 4 | K64: Yes | L64: Bus | M64: 1 | O64: 75.7
A65: ITI-1011 | B65: Menoufia | C65: Data Science | D65: Female | E65: 23 | F65: 15.6 | G65: 22.4 | H65: 6.5 | I65: 2 | J65: 4 | K65: Yes | L65: Car | M65: 0 | O65: 78.1
A66: ITI-1234 | B66: Menoufia | C66: Data Science | D66: Male | E66: 23 | G66: 39.3 | H66: 7.6 | I66: 3 | J66: 4 | K66: No | L66: Metro | M66: 1 | N66: Football | O66: 74.8
A67: ITI-1067 | B67: Menoufia | C67: UI/UX | D67: Female | E67: 22 | F67: 18.1 | G67: 59.3 | H67: 8.3 | I67: 5 | J67: 2 | K67: Yes | L67: Bus | M67: 2 | N67: Football | O67: 83.8
A68: ITI-1254 | B68: Assiut | C68: Cyber Security | D68: Female | E68: 24 | F68: 16.8 | G68: 41.4 | H68: 8.6 | I68: 2 | J68: 3 | K68: Yes | L68: car | M68: 0 | N68: Football | O68: 82.6
A69: ITI-1226 | B69: Alexandria | C69: Web Development | D69: Female | E69: 29 | F69: 14.8 | G69: 27.2 | H69: 6 | I69: 1 | J69: 4 | K69: Yes | L69: Car | M69: 1 | O69: 75.2
A70: ITI-1183 | B70: Mansoura | C70: Web Development | D70: Male | E70: 27 | F70: 23.8 | G70: 32.6 | H70: 6.1 | I70: 8 | J70: 2 | K70: Yes | L70: Walk | M70: 0 | O70: 93.3
A71: ITI-1074 | B71: Alexandria | C71: Data Science | D71: Male | E71: 24 | F71: 19.4 | G71: 12.8 | H71: 8.8 | I71: 2 | J71: 5 | K71: Yes | L71: Metro | M71: 0 | N71: No sport | O71: 90.1
A72: ITI-1019 | B72: Cairo | C72: Data Science | D72: MALE | E72: 23 | F72: 14.7 | G72: 54.8 | H72: 5.7 | I72: 2 | J72: 3 | K72: Yes | L72: Metro | M72: 0 | N72: No sport | O72: 77.9
A73: ITI-1102 | B73: Cairo | C73: UI/UX | D73: Female | E73: 24 | F73: 13.1 | G73: 25.1 | H73: 4.6 | I73: 1 | J73: 4 | K73: Yes | L73: Microbus | M73: 0 | N73: none | O73: 68.4
A74: ITI-1196 | B74: Cairo | C74: Embedded Systems | D74: Male | E74: 21 | F74: 21.2 | G74: 16.1 | H74: 8.9 | I74: 4 | J74: 3 | K74: Yes | L74: Microbus | M74: 1 | O74: 65,3
A75: ITI-1113 | B75: Cairo | C75: Cyber Security | D75: Female | E75: 21 | F75: 20.4 | G75: 120.2 | H75: 8.2 | I75: 5 | J75: 2 | K75: NO | L75: Bus | M75: 0 | N75: Football | O75: 80.2
A76: ITI-1171 | B76: Mansoura | C76: Data Science | D76: Male | E76: 21 | F76: 10.5 | G76: 79.7 | H76: 9.1 | I76: 2 | J76: 5 | K76: No | L76: Metro | M76: 0 | N76: Basketball | O76: 57,6
A77: ITI-1087 | B77: Menoufia | C77: UI/UX | D77: Female | E77: 20 | F77: 16.8 | G77: 29.1 | H77: 6.8 | I77: 1 | J77: 2 | K77: Yes | L77: Walk | M77: 0 | N77: Football | O77: 73.5
A78: ITI-1056 | B78: Cairo | C78: Data Science | D78: Male | E78: 21 | F78: 23.7 | G78: 37.9 | H78: 5.9 | I78: 4 | J78: 5 | K78: Yes | L78: Microbus | M78: 0 | N78: Basketball | O78: 90.5
A79: ITI-1098 | B79: Menoufia | C79: Web Development | D79: Male | E79: 21 | F79: 15.1 | G79: 53.8 | H79: 9.3 | I79: 2 | J79: 4 | K79: No | L79: Bus | M79: 1 | N79: Basketball | O79: 150
A80: ITI-1201 | B80: cairo | C80: UI/UX | D80: Female | E80: 23 | F80: 11.4 | G80: 16.6 | H80: 6 | I80: 3 | J80: 3 | K80: No | L80: Bus | M80: 0 | N80: Football | O80: 72.5
A81: ITI-1039 | B81: Alexandria | C81: Embedded Systems | D81: Male | E81: 20 | F81: 11.3 | G81: 27.9 | H81: 7.9 | I81: 4 | J81: 4 | K81: Yes | L81: Car | M81: 0 | N81: Running | O81: 75.3
A82: ITI-1155 | B82: Menoufia | C82: Cyber Security | D82: F | E82: 23 | F82: 15.6 | G82: 20.2 | H82: 6.6 | I82: 2 | J82: 5 | K82: Yes | L82: Car | M82: 3 | N82: Volleyball | O82: 72.4
A83: ITI-1085 | B83: Cairo | C83: Data Science | D83: Male | E83: 25 | F83: 25.0 | G83: 31.4 | H83: 5.8 | I83: 3 | J83: 2 | K83: No | L83: Microbus | M83: 0 | N83: No sport | O83: 85.2
A84: ITI-1252 | B84: Cairo | C84: Cyber Security | D84: Female | E84: 22 | F84: 17.9 | G84: 87.2 | H84: 6.7 | I84: 6 | J84: 3 | K84: Yes | L84: Microbus | M84: 0 | N84: Running | O84: 92.7
A85: ITI-1093 | B85: Cairo | C85: Data Science | D85: Male | E85: 27 | F85: 19.5 | G85: 69.4 | H85: 6.7 | I85: 3 | J85: 6 | K85: Yes | L85: Bus | M85: 2 | N85: Football | O85: 82.1
A86: ITI-1202 | B86: Cairo | C86: Web Development | D86: Male | E86: 22 | F86: 16.8 | G86: 27.7 | H86: 7.8 | I86: 5 | J86: 2 | K86: Yes | L86: Bus | M86: 0 | N86: Football | O86: 91.3
... A90: ITI-1182 | B90: Alexandria | C90: Data Science | D90: Male | E90: 26 | F90: 15.5 | G90: 68.8 | H90: 8.5 | I90: 3 | J90: 2 | K90: Yes | L90: Bus | M90: 1 | N90: Volleyball | O90: 84.5
A91: ITI-1112 | B91: Assiut | C91: Web Development | D91: MALE | E91: 21 | F91: 20.3 | G91: 50 min | H91: 5.3 | I91: 2 | J91: 4 | K91: Yes | L91: Bus | M91: 0 | O91: 77.7
A92: ITI-1230 | B92: Cairo | C92: Embedded Systems | D92: Male | E92: 24 | F92: 20.9 | G92: 55.7 | H92: 8.1 | I92: 3 | J92: 5 | K92: Yes | L92: Bus | M92: 0 | N92: Football | O92: 82.5
A93: ITI-1259 | B93: Menoufia | C93: Data Science | D93: Male | E93: 28 | F93: 9.3 | G93: 26.0 | H93: 6.3 | I93: 1 | J93: 2 | K93: Yes | L93: Metro | M93: 4 | N93: Football | O93: 58.5
A94: ITI-1032 | B94: Cairo | C94: Embedded Systems | D94: M | E94: 23 | F94: 20.5 | G94: 62.9 | H94: 5.1 | I94: 3 | J94: 5 | K94: Yes | L94: Microbus | M94: 2 | N94: Volleyball | O94: 84.6
A95: ITI-1211 | B95: alexandria | C95: Web Development | D95: Female | E95: 25 | F95: 13.1 | G95: 10.1 | H95: 6 | I95: 0 | J95: 5 | K95: Yes | L95: Car | M95: 0 | N95: Running | O95: 77.9
A96: ITI-1194 | B96: Alexandria | C96: Web Development | D96: Male | E96: 26 | F96: 8.9 | G96: 63.3 | H96: 7.2 | I96: 3 | J96: 2 | K96: No | L96: Microbus | M96: 1 | N96: Swimming | O96: 72.7
A97: ITI-1156 | B97: Cairo | C97: Data Science | D97: Male | E97: 25 | F97: 18.3 | G97: 43.8 | H97: 6 | I97: 6 | J97: 2 | K97: Yes | L97: Bus | M97: 1 | N97: Football | O97: 150
A98: ITI-1070 | B98: Mansoura | C98: UI/UX | D98: Male | E98: 26 | F98: 18.8 | G98: 32.6 | H98: 25 | I98: 1 | J98: 5 | K98: Yes | L98: Microbus | M98: 2 | N98: Football | O98: 78.9
A99: ITI-1003 | B99: Assiut | C99: Data Science | D99: Male | E99: -1 | F99: 18.6 | G99: 25.9 | H99: 6.9 | I99: 2 | J99: 3 | K99: Yes | L99: Car | M99: 0 | N99: Swimming | O99: 93.5
A100: ITI-1077 | B100: Cairo | C100: Data Science | D100: Male | E100: unknown | F100: 16.3 | G100: 62.4 | H100: 4.4 | I100: 6 | J100: 5 | K100: Yes | L100: Metro | M100: 0 | N100: Football | O100: 71.7
A101: ITI-1148 | B101: Cairo | C101: Data Science | D101: Male | E101: 21 | F101: 9.8 | G101: 176.0 | H101: 7.6 | I101: 4 | J101: 5 | K101: Yes | L101: Bus | M101: 0 | N101: Football | O101: 70.1
A102: ITI-1140 | B102: Mansoura | C102: Web Development | D102: Female | E102: 20 | F102: 23.4 | G102: 28.5 | H102: 6.6 | I102: 2 | J102: 2 | K102: Yes | L102: Metro | M102: 0 | N102: Running | O102: 83.4
A103: ITI-1144 | B103: Alexandria | C103: UI/UX | D103: Male | E103: 27 | F103: 11.6 | H103: 7.2 | I103: 3 | J103: 5 | K103: Yes | L103: bus | M103: 0 | N103: Volleyball | O103: 78.5
A104: ITI-1097 | B104: Cairo | C104: Data Science | D104: Male | E104: 25 | F104: 14.4 | G104: 67 min | H104: 7.6 | I104: 7 | J104: 5 | K104: No | L104: Car | M104: 0 | N104: Basketball | O104: 75.4
A105: ITI-1109 | B105: Menoufia | C105: Data Science | D105: Male | E105: 23 | F105: 9.5 | G105: 43.9 | H105: 6.6 | I105: 2 | J105: 5 | K105: Yes | L105: Microbus | M105: 1 | N105: Basketball | O105: 77.0
A106: ITI-1141 | B106: Mansoura | C106: Cyber Security | D106: Male | E106: 22 | F106: 3.2 | G106: 34.3 | H106: 4.7 | I106: 2 | J106: 3 | K106: Yes | L106: Car | M106: 3 | N106: Running | O106: 66.2
A107: ITI-1174 | B107: Cairo | C107: Embedded Systems | D107: Male | E107: 23 | F107: 9.5 | G107: 18.0 | H107: 7.6 | I107: 3 | J107: 3 | K107: Yes | L107: Bus | M107: 0 | N107: Running | O107: 74.4
A108: ITI-1068 | B108: Menoufia | C108: Data Science | D108: Male | E108: 25 | F108: 16.6 | G108: 44.1 | H108: 6.6 | I108: 3 | J108: 5 | K108: No | L108: Bus | M108: 0 | N108: Football | O108: 79.5
A109: ITI-1075 | B109: Alexandria | C109: UI/UX | D109: Female | E109: 24 | F109: 17.9 | G109: 45.4 | H109: 6 | I109: 1 | J109: 2 | K109: No | L109: Car | M109: 2 | N109: Volleyball | O109: 70.9
...

Sheet cleaned_data
A1: student_id | B1: branch | C1: track | D1: gender | E1: age | F1: study_hours_week | G1: commute_minutes | H1: sleep_hours | I1: projects_submitted | J1: satisfaction_1to5 | K1: has_laptop | L1: transport | M1: pets_at_home | N1: favorite_sport | O1: final_score
A2: ITI-1031 | B2: Cairo | C2: Data Science | D2: Male | E2: 21 | F2: 16.5 | G2: 34.1 | H2: 5.5 | I2: 2 | J2: 3 | K2: Yes | L2: Car | M2: 0 | N2: Swimming | O2: 79.3
A3: ITI-1117 | B3: Assiut | C3: Data Science | D3: Female | E3: 29 | F3: 25.1 | G3: 5 | H3: 6.6 | I3: 3 | J3: 4 | K3: Yes | L3: Metro | M3: 1 | N3: Football | O3: 91.7
A4: ITI-1080 | B4: Cairo | C4: Data Science | D4: Male | E4: 25 | F4: 14.1 | G4: 73.2 | H4: 7.7 | I4: 0 | J4: 4 | K4: Yes | L4: Bus | M4: 0 | O4: 79.3
A5: ITI-1128 | B5: Cairo | C5: Web Development | D5: Female | E5: 25 | G5: 13.7 | H5: 6.3 | I5: 2 | J5: 4 | K5: Yes | L5: Metro | M5: 1 | O5: 90.6
A6: ITI-1197 | B6: Menoufia | C6: Web Development | D6: Male | E6: 25 | F6: 19.9 | G6: 17.2 | H6: 6.9 | I6: 3 | J6: 3 | K6: No | L6: Car | M6: 0 | N6: None | O6: 86.8
A7: ITI-1138 | B7: Cairo | C7: UI/UX | D7: Male | E7: 22 | F7: 8.5 | G7: 29.6 | H7: 5.2 | I7: 4 | J7: 2 | K7: Yes | L7: Microbus | M7: 1 | N7: Running | O7: 59.1
A8: ITI-1210 | B8: Cairo | C8: Data Science | D8: Male | E8: 21 | F8: 20.4 | G8: 56.1 | H8: 6.2 | I8: 3 | J8: 5 | K8: Yes | L8: Bus | M8: 0 | N8: Football | O8: 92.5
A9: ITI-1046 | B9: Cairo | C9: Data Science | D9: Female | E9: 23 | F9: 14 | G9: 51.7 | H9: 7.4 | I9: 3 | J9: 3 | K9: Yes | L9: Bus | M9: 3 | N9: Football | O9: 72.6
A10: ITI-1159 | B10: Assiut | C10: Data Science | D10: Male | E10: 20 | F10: 17.6 | G10: 21.8 | H10: 6.1 | I10: 5 | J10: 4 | K10: Yes | L10: Walk | M10: 1 | N10: Swimming | O10: 88.6
A11: ITI-1248 | B11: Alexandria | C11: Data Science | D11: Male | E11: 22 | F11: 18.7 | G11: 15 | H11: 7.3 | I11: 4 | J11: 4 | K11: No | L11: Microbus | M11: 0 | N11: Basketball | O11: 84.9
A12: ITI-1184 | B12: Mansoura | C12: Web Development | D12: Female | E12: 23 | F12: 12.2 | G12: 58.2 | H12: 7.3 | I12: 7 | J12: 3 | K12: Yes | L12: Microbus | M12: 2 | O12: 71.9
A13: ITI-1042 | B13: Cairo | C13: Data Science | D13: Male | E13: 27 | F13: 21.9 | G13: 22.8 | H13: 6.7 | I13: 6 | J13: 5 | K13: Yes | L13: Bus | M13: 0 | N13: Basketball | O13: 87.7
A14: ITI-1228 | B14: Alexandria | C14: Web Development | D14: Female | E14: 20 | G14: 15.7 | H14: 6.1 | I14: 2 | J14: 5 | K14: Yes | L14: Car | M14: 0 | N14: Football | O14: 55.6
A15: ITI-1083 | B15: Cairo | C15: Data Science | D15: Male | E15: 23 | F15: 12.3 | G15: 39.2 | H15: 6.3 | I15: 5 | J15: 5 | K15: Yes | L15: Bus | M15: 0 | N15: Running | O15: 78.6
A16: ITI-1166 | B16: Alexandria | C16: Web Development | D16: Male | E16: 26 | F16: 13.1 | G16: 63.8 | H16: 7.9 | I16: 1 | J16: 5 | K16: Yes | L16: Bus | M16: 0 | N16: None | O16: 74.3
A17: ITI-1195 | B17: Mansoura | C17: UI/UX | D17: Female | E17: 25 | F17: 14.7 | G17: 13.6 | H17: 6.9 | I17: 4 | J17: 3 | K17: Yes | L17: Bus | M17: 0 | O17: 77.2
A18: ITI-1227 | B18: Alexandria | C18: Web Development | D18: Male | E18: 22 | F18: 16.6 | G18: 59.1 | H18: 7.5 | I18: 2 | J18: 3 | K18: Yes | L18: Bus | M18: 0 | N18: Basketball | O18: 66.8
A19: ITI-1147 | B19: Cairo | C19: Data Science | D19: Female | E19: 20 | F19: 18.6 | G19: 44.3 | H19: 7 | I19: 6 | J19: 2 | K19: Yes | L19: Metro | M19: 0 | N19: Football | O19: 83.7
A20: ITI-1105 | B20: Alexandria | C20: Web Development | D20: Female | E20: 25 | F20: 25.9 | G20: 22.4 | H20: 7.1 | I20: 4 | J20: 3 | K20: Yes | L20: Bus | M20: 0 | N20: Running | O20: 87.4
A21: ITI-1061 | B21: Assiut | C21: Data Science | D21: Male | E21: 23 | F21: 24.3 | G21: 5 | H21: 6 | I21: 5 | J21: 5 | K21: No | L21: Metro | M21: 1 | N21: Football | O21: 91.6
A22: ITI-1222 | B22: Cairo | C22: Data Science | D22: Male | E22: 21 | F22: 21.2 | G22: 30.3 | H22: 7.2 | I22: 6 | J22: 5 | K22: Yes | L22: Walk | M22: 0 | N22: Football | O22: 90
A23: ITI-1109 | B23: Menoufia | C23: Data Science | D23: Male | E23: 23 | F23: 9.5 | G23: 43.9 | H23: 6.6 | I23: 3 | J23: 5 | K23: Yes | L23: Microbus | M23: 1 | N23: Basketball | O23: 77
A24: ITI-1047 | B24: Cairo | C24: Data Science | D24: Female | E24: 22 | F24: 6.4 | G24: 17.1 | H24: 7 | I24: 4 | J24: 3 | K24: Yes | L24: Metro | M24: 0 | N24: Football | O24: 66.9
A25: ITI-1043 | B25: Cairo | C25: UI/UX | D25: Female | E25: 24 | F25: 13.7 | G25: 111.7 | H25: 6.9 | I25: 1 | J25: 3 | K25: Yes | L25: Bus | M25: 2 | O25: 69.4
A26: ITI-1186 | B26: Cairo | C26: Embedded Systems | D26: Male | E26: 21 | F26: 18.3 | G26: 66.4 | H26: 8.7 | I26: 4 | J26: 3 | K26: Yes | L26: Bus | M26: 0 | O26: 85.7
A27: ITI-1010 | B27: Menoufia | C27: Data Science | D27: Female | E27: 24 | F27: 25.7 | G27: 10.8 | H27: 6.1 | I27: 3 | J27: 4 | K27: Yes | L27: Walk | M27: 2 | N27: None | O27: 80.3
A28: ITI-1023 | B28: Menoufia | C28: Web Development | D28: Male | E28: 24 | F28: 21.5 | G28: 8.4 | H28: 7 | I28: 7 | J28: 5 | K28: Yes | L28: Bus | M28: 1 | N28: None | O28: 91.7
A29: ITI-1200 | B29: Alexandria | C29: Web Development | D29: Male | E29: 23 | G29: 35.2 | H29: 6.6 | I29: 3 | J29: 3 | K29: Yes | L29: Walk | M29: 1 | N29: Football | O29: 75.3
A30: ITI-1110 | B30: Mansoura | C30: Web Development | D30: Female | E30: 20 | F30: 9.3 | G30: 31 | H30: 6.7 | I30: 1 | J30: 4 | K30: No | L30: Car | M30: 0 | N30: Running | O30: 74.6
A31: ITI-1025 | B31: Mansoura | C31: Data Science | D31: Male | E31: 20 | F31: 17.7 | G31: 43.8 | H31: 6.8 | I31: 7 | J31: 4 | K31: Yes | L31: Walk | M31: 0 | N31: Swimming | O31: 77.2
A32: ITI-1114 | B32: Mansoura | C32: Data Science | D32: Female | E32: 29 | F32: 18.8 | G32: 16.2 | H32: 5.7 | I32: 0 | J32: 3 | K32: No | L32: Metro | M32: 1 | N32: Running | O32: 76.6
A33: ITI-1069 | B33: Cairo | C33: UI/UX | D33: Male | E33: 24 | F33: 16.5 | G33: 83 | H33: 8.1 | I33: 2 | J33: 4 | K33: Yes | L33: Metro | M33: 0 | O33: 90
A34: ITI-1145 | B34: Menoufia | C34: Web Development | D34: Male | F34: 15.7 | G34: 52.6 | H34: 6.4 | I34: 2 | J34: 3 | K34: No | L34: Bus | M34: 1 | N34: Swimming | O34: 85.1
A35: ITI-1225 | B35: Mansoura | C35: Data Science | D35: Male | E35: 25 | F35: 17.9 | G35: 12.2 | H35: 6.3 | I35: 3 | J35: 4 | K35: Yes | L35: Bus | M35: 0 | N35: Swimming | O35: 84.2
A36: ITI-1253 | B36: Cairo | C36: UI/UX | D36: Female | E36: 28 | F36: 9.8 | G36: 27.2 | H36: 7.8 | I36: 2 | J36: 2 | K36: Yes | L36: Microbus | M36: 0 | N36: Running | O36: 71
A37: ITI-1007 | B37: Alexandria | C37: Embedded Systems | D37: Male | E37: 24 | F37: 19.7 | G37: 31.9 | H37: 7.6 | I37: 1 | J37: 4 | K37: Yes | L37: Bus | M37: 0 | N37: Running | O37: 90.3
A38: ITI-1121 | B38: Cairo | C38: Data Science | D38: Female | E38: 23 | F38: 12.7 | G38: 11.6 | H38: 6 | I38: 5 | J38: 2 | K38: No | L38: Microbus | M38: 0 | N38: Football | O38: 78.3
A39: ITI-1068 | B39: Menoufia | C39: Data Science | D39: Male | E39: 25 | F39: 16.6 | G39: 44.1 | H39: 6.6 | I39: 3 | J39: 5 | K39: No | L39: Bus | M39: 0 | N39: Football | O39: 79.5
A40: ITI-1120 | B40: Assiut | C40: Data Science | D40: Female | E40: 21 | F40: 14.1 | G40: 18.5 | H40: 8.1 | I40: 3 | J40: 5 | K40: Yes | L40: Car | M40: 0 | N40: Football | O40: 71.9
A41: ITI-1119 | B41: Cairo | C41: Embedded Systems | D41: Female | E41: 25 | F41: 2 | G41: 50.1 | H41: 8 | I41: 3 | J41: 4 | K41: No | L41: Bus | M41: 3 | N41: Running | O41: 80.2
A42: ITI-1026 | B42: Alexandria | C42: Cyber Security | D42: Male | E42: 21 | F42: 14.8 | G42: 9.7 | H42: 5.6 | I42: 0 | J42: 4 | K42: No | L42: Car | M42: 1 | O42: 64.2
A43: ITI-1126 | B43: Cairo | C43: Cyber Security | D43: Female | E43: 24 | F43: 18.6 | G43: 74.9 | H43: 5.6 | I43: 3 | J43: 3 | K43: Yes | L43: Walk | M43: 0 | N43: Swimming
A44: ITI-1245 | B44: Cairo | C44: Data Science | D44: Male | E44: 24 | F44: 18.8 | G44: 26.4 | I44: 1 | J44: 3 | K44: Yes | L44: Bus | N44: Football | O44: 75.2
A45: ITI-1020 | B45: Cairo | C45: Web Development | D45: Female | E45: 24 | F45: 19 | G45: 133.7 | H45: 6.1 | I45: 2 | J45: 3 | K45: Yes | L45: Bus | M45: 1 | N45: Football | O45: 68.1
A46: ITI-1078 | B46: Alexandria | C46: Web Development | D46: Male | E46: 28 | F46: 11 | G46: 78 | H46: 8.5 | I46: 1 | J46: 1 | K46: Yes | L46: Walk | N46: Basketball | O46: 74.5
A47: ITI-1217 | B47: Cairo | C47: Web Development | D47: Female | E47: 28 | F47: 9.6 | G47: 116.1 | H47: 6.5 | I47: 2 | J47: 4 | K47: Yes | L47: Bus | M47: 0 | N47: Running | O47: 72.5
A48: ITI-1091 | B48: Mansoura | C48: Data Science | D48: Female | E48: 21 | F48: 11.9 | G48: 14.7 | H48: 7.1 | I48: 3 | J48: 5 | K48: Yes | L48: Metro | M48: 0 | N48: Swimming | O48: 69.6
A49: ITI-1209 | B49: Alexandria | C49: Data Science | D49: Female | E49: 22 | F49: 20.1 | G49: 66.6 | H49: 5.6 | I49: 3 | J49: 2 | K49: Yes | L49: Metro | M49: 0 | N49: Volleyball | O49: 62.1
A50: ITI-1094 | B50: Cairo | C50: Cyber Security | D50: Female | E50: 23 | F50: 11.8 | G50: 27.9 | H50: 8.1 | I50: 5 | J50: 2 | K50: Yes | L50: Bus | M50: 0 | N50: Football | O50: 70
A51: ITI-1181 | B51: Assiut | C51: Data Science | D51: Male | E51: 22 | F51: 11.3 | G51: 11.8 | H51: 7.1 | I51: 6 | J51: 4 | K51: Yes | L51: Microbus | M51: 1 | N51: Football | O51: 82.1
A52: ITI-1016 | B52: Cairo | C52: UI/UX | D52: Male | E52: 25 | F52: 9.2 | G52: 89.5 | H52: 6.6 | I52: 3 | J52: 4 | K52: No | L52: Metro | M52: 0 | N52: Basketball | O52: 67.6
A53: ITI-1153 | B53: Cairo | C53: Cyber Security | D53: Female | E53: 28 | F53: 18.1 | G53: 37.2 | H53: 4.9 | I53: 1 | J53: 2 | K53: Yes | L53: Metro | M53: 2 | N53: Running | O53: 68.9
A54: ITI-1233 | B54: Alexandria | C54: Web Development | D54: Female | E54: 23 | F54: 20 | G54: 26.2 | H54: 5.4 | I54: 4 | J54: 4 | K54: Yes | L54: Bus | M54: 0 | N54: None | O54: 97.4
A55: ITI-1251 | B55: Menoufia | C55: Cyber Security | D55: Male | E55: 25 | F55: 13.4 | G55: 30.7 | H55: 6.1 | I55: 7 | J55: 4 | K55: Yes | L55: Metro | M55: 2 | N55: Swimming | O55: 63.9
A56: ITI-1116 | B56: Menoufia | C56: Web Development | D56: Female | E56: 24 | F56: 12.4 | G56: 15.6 | H56: 8.9 | I56: 5 | J56: 3 | K56: Yes | L56: Bus | M56: 0 | N56: Football | O56: 71
A57: ITI-1034 | B57: Menoufia | C57: Data Science | D57: Female | E57: 20 | F57: 21.2 | G57: 30.1 | H57: 4.9 | I57: 3 | J57: 4 | K57: Yes | L57: Walk | M57: 0 | N57: Running | O57: 80.4
A58: ITI-1185 | B58: Menoufia | C58: Embedded Systems | D58: Female | E58: 23 | F58: 17.2 | G58: 29.5 | H58: 6.4 | I58: 5 | J58: 4 | K58: Yes | L58: Metro | M58: 2 | N58: Football | O58: 87.9
... A63: ITI-1076 | B63: Mansoura | C63: Cyber Security | D63: Male | E63: 29 | F63: 6.8 | G63: 17 | H63: 6.6 | I63: 4 | J63: 4 | K63: Yes | L63: Bus | M63: 0 | N63: None | O63: 65.4
A64: ITI-1149 | B64: Assiut | C64: Web Development | D64: Female | E64: 25 | F64: 18.1 | G64: 44.5 | H64: 7.6 | I64: 7 | J64: 4 | K64: Yes | L64: Bus | M64: 1 | O64: 75.7
A65: ITI-1011 | B65: Menoufia | C65: Data Science | D65: Female | E65: 23 | F65: 15.6 | G65: 22.4 | H65: 6.5 | I65: 2 | J65: 4 | K65: Yes | L65: Car | M65: 0 | O65: 78.1
A66: ITI-1234 | B66: Menoufia | C66: Data Science | D66: Male | E66: 23 | G66: 39.3 | H66: 7.6 | I66: 3 | J66: 4 | K66: No | L66: Metro | M66: 1 | N66: Football | O66: 74.8
A67: ITI-1067 | B67: Menoufia | C67: UI/UX | D67: Female | E67: 22 | F67: 18.1 | G67: 59.3 | H67: 8.3 | I67: 5 | J67: 2 | K67: Yes | L67: Bus | M67: 2 | N67: Football | O67: 83.8
A68: ITI-1254 | B68: Assiut | C68: Cyber Security | D68: Female | E68: 24 | F68: 16.8 | G68: 41.4 | H68: 8.6 | I68: 2 | J68: 3 | K68: Yes | L68: Car | M68: 0 | N68: Football | O68: 82.6
A69: ITI-1226 | B69: Alexandria | C69: Web Development | D69: Female | E69: 29 | F69: 14.8 | G69: 27.2 | H69: 6 | I69: 1 | J69: 4 | K69: Yes | L69: Car | M69: 1 | O69: 75.2
A70: ITI-1183 | B70: Mansoura | C70: Web Development | D70: Male | E70: 27 | F70: 23.8 | G70: 32.6 | H70: 6.1 | I70: 8 | J70: 2 | K70: Yes | L70: Walk | M70: 0 | O70: 93.3
A71: ITI-1074 | B71: Alexandria | C71: Data Science | D71: Male | E71: 24 | F71: 19.4 | G71: 12.8 | H71: 8.8 | I71: 2 | J71: 5 | K71: Yes | L71: Metro | M71: 0 | N71: None | O71: 90.1
A72: ITI-1019 | B72: Cairo | C72: Data Science | D72: Male | E72: 23 | F72: 14.7 | G72: 54.8 | H72: 5.7 | I72: 2 | J72: 3 | K72: Yes | L72: Metro | M72: 0 | N72: None | O72: 77.9
A73: ITI-1102 | B73: Cairo | C73: UI/UX | D73: Female | E73: 24 | F73: 13.1 | G73: 25.1 | H73: 4.6 | I73: 1 | J73: 4 | K73: Yes | L73: Microbus | M73: 0 | N73: None | O73: 68.4
A74: ITI-1196 | B74: Cairo | C74: Embedded Systems | D74: Male | E74: 21 | F74: 21.2 | G74: 16.1 | H74: 8.9 | I74: 4 | J74: 3 | K74: Yes | L74: Microbus | M74: 1 | O74: 65.3
A75: ITI-1113 | B75: Cairo | C75: Cyber Security | D75: Female | E75: 21 | F75: 20.4 | G75: 120.2 | H75: 8.2 | I75: 5 | J75: 2 | K75: No | L75: Bus | M75: 0 | N75: Football | O75: 80.2
A76: ITI-1171 | B76: Mansoura | C76: Data Science | D76: Male | E76: 21 | F76: 10.5 | G76: 79.7 | H76: 9.1 | I76: 2 | J76: 5 | K76: No | L76: Metro | M76: 0 | N76: Basketball | O76: 57.6
A77: ITI-1087 | B77: Menoufia | C77: UI/UX | D77: Female | E77: 20 | F77: 16.8 | G77: 29.1 | H77: 6.8 | I77: 1 | J77: 2 | K77: Yes | L77: Walk | M77: 0 | N77: Football | O77: 73.5
A78: ITI-1056 | B78: Cairo | C78: Data Science | D78: Male | E78: 21 | F78: 23.7 | G78: 37.9 | H78: 5.9 | I78: 4 | J78: 5 | K78: Yes | L78: Microbus | M78: 0 | N78: Basketball | O78: 90.5
A79: ITI-1098 | B79: Menoufia | C79: Web Development | D79: Male | E79: 21 | F79: 15.1 | G79: 53.8 | H79: 9.3 | I79: 2 | J79: 4 | K79: No | L79: Bus | M79: 1 | N79: Basketball
A80: ITI-1201 | B80: Cairo | C80: UI/UX | D80: Female | E80: 23 | F80: 11.4 | G80: 16.6 | H80: 6 | I80: 3 | J80: 3 | K80: No | L80: Bus | M80: 0 | N80: Football | O80: 72.5
A81: ITI-1039 | B81: Alexandria | C81: Embedded Systems | D81: Male | E81: 20 | F81: 11.3 | G81: 27.9 | H81: 7.9 | I81: 4 | J81: 4 | K81: Yes | L81: Car | M81: 0 | N81: Running | O81: 75.3
A82: ITI-1155 | B82: Menoufia | C82: Cyber Security | D82: Female | E82: 23 | F82: 15.6 | G82: 20.2 | H82: 6.6 | I82: 2 | J82: 5 | K82: Yes | L82: Car | M82: 3 | N82: Volleyball | O82: 72.4
A83: ITI-1085 | B83: Cairo | C83: Data Science | D83: Male | E83: 25 | F83: 25 | G83: 31.4 | H83: 5.8 | I83: 3 | J83: 2 | K83: No | L83: Microbus | M83: 0 | N83: None | O83: 85.2
A84: ITI-1252 | B84: Cairo | C84: Cyber Security | D84: Female | E84: 22 | F84: 17.9 | G84: 87.2 | H84: 6.7 | I84: 6 | J84: 3 | K84: Yes | L84: Microbus | M84: 0 | N84: Running | O84: 92.7
A85: ITI-1093 | B85: Cairo | C85: Data Science | D85: Male | E85: 27 | F85: 19.5 | G85: 69.4 | H85: 6.7 | I85: 3 | K85: Yes | L85: Bus | M85: 2 | N85: Football | O85: 82.1
A86: ITI-1202 | B86: Cairo | C86: Web Development | D86: Male | E86: 22 | F86: 16.8 | G86: 27.7 | H86: 7.8 | I86: 5 | J86: 2 | K86: Yes | L86: Bus | M86: 0 | N86: Football | O86: 91.3
A87: ITI-1127 | B87: Cairo | C87: Web Development | D87: Female | E87: 23 | F87: 17.6 | G87: 23.1 | H87: 6.9 | I87: 2 | J87: 5 | K87: Yes | L87: Metro | M87: 0 | N87: None | O87: 80.5
A88: ITI-1125 | B88: Assiut | C88: Data Science | D88: Male | E88: 23 | F88: 18.5 | G88: 15.6 | H88: 8.9 | I88: 2 | J88: 5 | K88: Yes | L88: Car | M88: 0 | N88: Volleyball | O88: 80.2
A89: ITI-1079 | B89: Alexandria | C89: Embedded Systems | D89: Male | E89: 23 | F89: 23.6 | G89: 21.1 | H89: 7.8 | I89: 2 | J89: 5 | K89: No | L89: Car | M89: 0 | N89: Football | O89: 84.3
A90: ITI-1182 | B90: Alexandria | C90: Data Science | D90: Male | E90: 26 | F90: 15.5 | G90: 68.8 | H90: 8.5 | I90: 3 | J90: 2 | K90: Yes | L90: Bus | M90: 1 | N90: Volleyball | O90: 84.5
A91: ITI-1112 | B91: Assiut | C91: Web Development | D91: Male | E91: 21 | F91: 20.3 | G91: 50 | H91: 5.3 | I91: 2 | J91: 4 | K91: Yes | L91: Bus | M91: 0 | O91: 77.7
A92: ITI-1230 | B92: Cairo | C92: Embedded Systems | D92: Male | E92: 24 | F92: 20.9 | G92: 55.7 | H92: 8.1 | I92: 3 | J92: 5 | K92: Yes | L92: Bus | M92: 0 | N92: Football | O92: 82.5
A93: ITI-1259 | B93: Menoufia | C93: Data Science | D93: Male | E93: 28 | F93: 9.3 | G93: 26 | H93: 6.3 | I93: 1 | J93: 2 | K93: Yes | L93: Metro | M93: 4 | N93: Football | O93: 58.5
A94: ITI-1032 | B94: Cairo | C94: Embedded Systems | D94: Male | E94: 23 | F94: 20.5 | G94: 62.9 | H94: 5.1 | I94: 3 | J94: 5 | K94: Yes | L94: Microbus | M94: 2 | N94: Volleyball | O94: 84.6
A95: ITI-1211 | B95: Alexandria | C95: Web Development | D95: Female | E95: 25 | F95: 13.1 | G95: 10.1 | H95: 6 | I95: 0 | J95: 5 | K95: Yes | L95: Car | M95: 0 | N95: Running | O95: 77.9
A96: ITI-1194 | B96: Alexandria | C96: Web Development | D96: Male | E96: 26 | F96: 8.9 | G96: 63.3 | H96: 7.2 | I96: 3 | J96: 2 | K96: No | L96: Microbus | M96: 1 | N96: Swimming | O96: 72.7
A97: ITI-1156 | B97: Cairo | C97: Data Science | D97: Male | E97: 25 | F97: 18.3 | G97: 43.8 | H97: 6 | I97: 6 | J97: 2 | K97: Yes | L97: Bus | M97: 1 | N97: Football
A98: ITI-1070 | B98: Mansoura | C98: UI/UX | D98: Male | E98: 26 | F98: 18.8 | G98: 32.6 | I98: 1 | J98: 5 | K98: Yes | L98: Microbus | M98: 2 | N98: Football | O98: 78.9
A99: ITI-1003 | B99: Assiut | C99: Data Science | D99: Male | F99: 18.6 | G99: 25.9 | H99: 6.9 | I99: 2 | J99: 3 | K99: Yes | L99: Car | M99: 0 | N99: Swimming | O99: 93.5
A100: ITI-1077 | B100: Cairo | C100: Data Science | D100: Male | F100: 16.3 | G100: 62.4 | H100: 4.4 | I100: 6 | J100: 5 | K100: Yes | L100: Metro | M100: 0 | N100: Football | O100: 71.7
A101: ITI-1148 | B101: Cairo | C101: Data Science | D101: Male | E101: 21 | F101: 9.8 | G101: 176 | H101: 7.6 | I101: 4 | J101: 5 | K101: Yes | L101: Bus | M101: 0 | N101: Football | O101: 70.1
A102: ITI-1140 | B102: Mansoura | C102: Web Development | D102: Female | E102: 20 | F102: 23.4 | G102: 28.5 | H102: 6.6 | I102: 2 | J102: 2 | K102: Yes | L102: Metro | M102: 0 | N102: Running | O102: 83.4
A103: ITI-1144 | B103: Alexandria | C103: UI/UX | D103: Male | E103: 27 | F103: 11.6 | H103: 7.2 | I103: 3 | J103: 5 | K103: Yes | L103: Bus | M103: 0 | N103: Volleyball | O103: 78.5
A104: ITI-1097 | B104: Cairo | C104: Data Science | D104: Male | E104: 25 | F104: 14.4 | G104: 67 | H104: 7.6 | I104: 7 | J104: 5 | K104: No | L104: Car | M104: 0 | N104: Basketball | O104: 75.4
...

Sheet Cleaning_log
A1: We started with 271 rows and finished with 260 rows because we removed 11 duplicate student records, handled non-response missing values, corrected formatted strings, and dropped 20 impossible errors while retaining 15 genuine long-commute outliers.
A3: # | B3: Column affected | C3: Problem observed | D3: Rows affected | E3: Action taken | F3: Rule / justification
A4: 1 | B4: student_id | C4: 11 duplicate student records found | D4: 11 | E4: Removed duplicate rows, keeping first instance | F4: Duplicate student records distort statistics and must be removed.
A5: 2 | B5: branch | C5: Inconsistent text casing (cairo, CAIRO, Mansora) | D5: 7 | E5: Standardized to Title Case (Cairo, Mansoura) | F5: Categorical variables require consistent text formatting for grouping.
A6: 3 | B6: track | C6: Text formatting and spacing issues (web development, Data Science) | D6: 9 | E6: Cleaned to standard categories (Web Development, Data Science, etc.) | F6: Track names must strictly match defined standard options.
A7: 4 | B7: gender | C7: Abbreviated and lowercased gender labels (M, m, female, F) | D7: 13 | E7: Standardized to Male and Female | F7: Categorical gender values must be uniform across all entries.
A8: 5 | B8: has_laptop | C8: Non-standard responses (1, Y, NO, N, yes) | D8: 9 | E8: Converted all to Yes and No | F8: Standard binary responses are restricted to Yes / No.
A9: 6 | B9: transport | C9: Typos and casing variations (bus, METRO, micro bus, car) | D9: 8 | E9: Standardized to Bus, Metro, Microbus, Car, Walk | F9: Transport modes must be clean for categorical analysis.
A10: 7 | B10: All Columns | C10: Disguised missing values (?, NA, n/a, -, unknown) | D10: 9 | E10: Converted disguised text to true NaN | F10: Text representation of missing values interferes with statistical calculations.
A11: 8 | B11: Numeric Columns | C11: Numbers embedded with units or commas (31 min, 25.1 hours, 55,6) | D11: 19 | E11: Extracted numbers, replaced commas with dots, cast to numeric | F11: Text-formatted numbers prevent statistical operations like average or sum.
A12: 9 | B12: age | C12: Values outside valid 17–45 range (150, -1, 5, -1) | D12: 4 | E12: Set invalid values to NaN | F12: Ages outside 17–45 violate defined Data Dictionary limits.
A13: 10 | B13: study_hours_week | C13: Out-of-bounds study hours (-5, 200, -5) | D13: 3 | E13: Set invalid values to NaN | F13: Weekly study hours cannot be negative or exceed 80 hours.
A14: 11 | B14: sleep_hours | C14: Impossible sleep values (25.0, 25.0, 0.0, 0.0) | D14: 4 | E14: Set invalid values to NaN | F14: Sleep duration must lie strictly between 2 and 14 hours daily.
A15: 12 | B15: satisfaction_1to5 | C15: Scores exceeding scale limits (6, 7, 7) | D15: 3 | E15: Set invalid values to NaN | F15: Satisfaction score is restricted strictly to an ordinal scale of 1 to 5.
... A19: 16 | B19: favorite_sport | C19: Explicit "none" or "No sport" text alongside missing entries | D19: 29 | E19: Standardized text to "None", preserved missing as NaN | F19: Explicit "None" indicates no sports activity, distinct from unanswered fields.

Sheet Descriptive_Statistics
A1: PART C — Descriptive Statistics
A4: Statistics | B4: Fromula | C4: Result | D4: Unit
A5: Count (n) | B5: COUNT(commute_minutes) | C5: =COUNT(cleaned_data!$G$2:$G$261) -> 254 | D5: Students
A6: Mean | B6: AVERAGE(range) | C6: =AVERAGE(cleaned_data!$G$2:$G$261) -> 45.298425 | D6: minutes
A7: Median | B7: MEDIAN(range) | C7: =MEDIAN(cleaned_data!$G$2:$G$261) -> 33.05 | D7: minutes
A8: Mode | B8: MODE(range) [same as MODE.SNGL] | C8: =MODE(cleaned_data!$G$2:$G$261) -> 37.2 | D8: minutes
A9: Minimum | B9: MIN(range) | C9: =MIN(cleaned_data!$G$2:$G$261) -> 5 | D9: minutes
A10: Maximum | B10: MAX(range) | C10: =MAX(cleaned_data!$G$2:$G$261) -> 256.5 | D10: minutes
A11: Range (Max − Min) | B11: C10-C9 | C11: =C10-C9 -> 251.5 | D11: minutes
A12: Standard Deviation | B12: STDEV(range) | C12: =STDEV(cleaned_data!$G$2:$G$261) -> 39.577322 | D12: minutes
A13: Q1 | B13: QUARTILE(range,1) | C13: =QUARTILE(cleaned_data!$G$2:$G$261,1) -> 20.375 | D13: minutes
A14: Q3 | B14: QUARTILE(range,3) | C14: =QUARTILE(cleaned_data!$G$2:$G$261,3) -> 58.35 | D14: minutes
A15: IQR (Q3 − Q1) | B15: C14-C13 | C15: =C14-C13 -> 37.975 | D15: minutes
D16: minutes
A19: Mean − Median (gap) | C19: =C6-C7 -> 12.248425 | D19: minutes
A20: Distribution Shape (derived) | C20: =IF($C$6>$C$7,"Right-Skewed (Positive Skew)",IF($C$6<$C$7,"Left-Skewed (Negative Skew)","Symmetric")) -> Right-Skewed (Positive Skew)
A22: Max. repeat count of any single commute value | C22: {=MAX(COUNTIF(cleaned_data!$G$2:$G$261,cleaned_data!$G$2:$G$261))} -> 3 | D22: out of 254 | E22: 16.1
E23: 25.9
E24: 37.2
A25: Q: Which is larger — the mean or the median?
A28: Q: What does the difference between the mean and the median tell us?
A41: Q: Is the distribution symmetric, left-skewed, or right-skewed?
A49: Q: What does the distribution tell us about commute times?
A64: Histogram — Distribution of commute_minutes
A66: Bin (minutes) | B66: Lower Bound | C66: Upper Bound | D66: Frequency (students) | F66: =SUM(D67:D79) -> 254
A67: 0–20 | B67: 0 | C67: 20 | D67: =COUNTIFS(cleaned_data!$G$2:$G$261,">="&B67,cleaned_data!$G$2:$G$261,"<"&C67) -> 63
A68: 20–40 | B68: 20 | C68: 40 | D68: =COUNTIFS(cleaned_data!$G$2:$G$261,">="&B68,cleaned_data!$G$2:$G$261,"<"&C68) -> 91
A69: 40–60 | B69: 40 | C69: 60 | D69: =COUNTIFS(cleaned_data!$G$2:$G$261,">="&B69,cleaned_data!$G$2:$G$261,"<"&C69) -> 40
A70: 60–80 | B70: 60 | C70: 80 | D70: =COUNTIFS(cleaned_data!$G$2:$G$261,">="&B70,cleaned_data!$G$2:$G$261,"<"&C70) -> 32
A71: 80–100 | B71: 80 | C71: 100 | D71: =COUNTIFS(cleaned_data!$G$2:$G$261,">="&B71,cleaned_data!$G$2:$G$261,"<"&C71) -> 8
A72: 100–120 | B72: 100 | C72: 120 | D72: =COUNTIFS(cleaned_data!$G$2:$G$261,">="&B72,cleaned_data!$G$2:$G$261,"<"&C72) -> 6
A73: 120–140 | B73: 120 | C73: 140 | D73: =COUNTIFS(cleaned_data!$G$2:$G$261,">="&B73,cleaned_data!$G$2:$G$261,"<"&C73) -> 5
A74: 140–160 | B74: 140 | C74: 160 | D74: =COUNTIFS(cleaned_data!$G$2:$G$261,">="&B74,cleaned_data!$G$2:$G$261,"<"&C74) -> 2
A75: 160–180 | B75: 160 | C75: 180 | D75: =COUNTIFS(cleaned_data!$G$2:$G$261,">="&B75,cleaned_data!$G$2:$G$261,"<"&C75) -> 1
A76: 180–200 | B76: 180 | C76: 200 | D76: =COUNTIFS(cleaned_data!$G$2:$G$261,">="&B76,cleaned_data!$G$2:$G$261,"<"&C76) -> 2
A77: 200–220 | B77: 200 | C77: 220 | D77: =COUNTIFS(cleaned_data!$G$2:$G$261,">="&B77,cleaned_data!$G$2:$G$261,"<"&C77) -> 2
A78: 220–240 | B78: 220 | C78: 240 | D78: =COUNTIFS(cleaned_data!$G$2:$G$261,">="&B78,cleaned_data!$G$2:$G$261,"<"&C78) -> 1
A79: 240–260 | B79: 240 | C79: 260 | D79: =COUNTIFS(cleaned_data!$G$2:$G$261,">="&B79,cleaned_data!$G$2:$G$261,"<"&C79) -> 1
A88: How do we know it's a right-skewed?!
A95: Conclusion
A111: C2. Which Avg should be Reported?
A112: Measure of Centre | B112: Value (minutes) | C112: Sensitive to Extreme Values? | D112: Recommended for ‘Typical Commute’?
A113: Mean | B113: =C6 -> 45.298425 | C113: Yes — pulled upward by long-tail extreme commuters | D113: No — overstates the typical case
A114: Median | B114: =C7 -> 33.05 | C114: NO — depends only on rank, not magnitude | D114: Yes — best single number for ‘typical’
A115: Mode | B115: =C8 -> 37.2 | C115: N/A — not a measure of magnitude | D115: No — near-meaningless for continuous data
A117: 1) Which measure do you choose, and why? (Reference the sensitivity of each measure to extreme values)
A135: 2) Suppose a rival team reports the Mean and we report the Median. Both are correct arithmetic — whose number better serves the decision, and can you name a situation where the other choice would be right?
G145: Mode
A146: 3) The mode of a continuous variable is close to useless here. Explain why — and then explain why the mode is the ONLY option you have for transport. | G146: {=_xlfn.MODE.MULT(cleaned_data!G2:G261)} -> 37.2
G147: 16.1
G148: 25.9
A163: C3. SPREAD AND WHY THE AVERAGE ALONE IS NOT ENOUGH
A165: Measure of Spread | B165: Value | C165: Unit / Meaning
A166: Standard Deviation | B166: =C12 -> 39.577322 | C166: minutes — typical distance of a commute from the mean
A167: Q1 (25th percentile) | B167: =C13 -> 20.375 | C167: minutes — 25% of students commute this long or less
A168: Q3 (75th percentile) | B168: =C14 -> 58.35 | C168: minutes — 75% of students commute this long or less
A169: IQR (Q3 − Q1) | B169: =C15 -> 37.975 | C169: minutes — range of the middle 50% of students
A170: Coefficient of Variation (commute) | B170: =($C$12/$C$6)*100 -> 87.370194 | C170: % — spread relative to the mean commute
A171: Mean final_score (for CV comparison) | B171: =AVERAGE(cleaned_data!$O$2:$O$261) -> 79.40754 | C171: points
A172: Std Dev final_score (for CV comparison) | B172: =STDEV(cleaned_data!$O$2:$O$261) -> 9.8193312 | C172: points
A173: Coefficient of Variation (final_score) | B173: =($B$172/$B$171)*100 -> 12.365742 | C173: % — spread relative to mean final_score
A176: 1) Report the Standard Deviation and the IQR for commute time. They tell different stories — why?
A184: 2) Compute the CV for commute time and final score. Which variable is more spread out relative to its own size?
A198: 1.5 × IQR Outlier Fences
A199: Lower Fence = Q1 − 1.5×IQR | B199: =$C$13-1.5*$C$15 -> -36.5875 | C199: minutes
A200: Upper Fence = Q3 + 1.5×IQR | B200: =$C$14+1.5*$C$15 -> 115.3125 | C200: minutes
A201: Number of outliers (below LF or above UF) | B201: =COUNTIFS(cleaned_data!$G$2:$G$261,"<"&$B$199)+COUNTIFS(cleaned_data!$G$2:$G$261,">"&$B$200) -> 15 | C201: out of 254 valid observations
B202: =B201/C5*100 -> 5.9055118
A204: Outlier List — individual students beyond the fences (ranked ascending)
A205: Rank | B205: Commute (min) | C205: Student ID | D205: Branch
A206: 1 | B206: {=IFERROR(SMALL(_xlfn._xlws.FILTER(cleaned_data!$G$2:$G$261,(cleaned_data!$G$2:$G$261<_xlfn.QUARTILE.INC(cleaned_data!$G$2:$G$261,1)-1.5*(_xlfn.QUARTILE.INC(cleaned_data!$G$2:$G$261,3)-_xlfn.QUARTILE.INC(cleaned_data!$G$2:$G$261,1)))+(cleaned_data!$G$2:$G$261>_xlfn.QUARTILE.INC(cleaned_data!$G$2:$G$261,3)+1.5*(_xlfn.QUARTILE.INC(cleaned_data!$G$2:$G$261,3)-_xlfn.QUARTILE.INC(cleaned_data!$G$2:$G$261,1)))),ROWS($B$206:B206)),"")} -> 116.1 | C206: =IFERROR(INDEX(cleaned_data!$A$2:$A$261,MATCH(B206,cleaned_data!$G$2:$G$261,0)),"") -> ITI-1217 | D206: =IFERROR(_xlfn.XLOOKUP(C206,cleaned_data!$A$2:$A$261,cleaned_data!$B$2:$B$261),"") -> Cairo
A207: 2 | B207: {=IFERROR(SMALL(_xlfn._xlws.FILTER(cleaned_data!$G$2:$G$261,(cleaned_data!$G$2:$G$261<_xlfn.QUARTILE.INC(cleaned_data!$G$2:$G$261,1)-1.5*(_xlfn.QUARTILE.INC(cleaned_data!$G$2:$G$261,3)-_xlfn.QUARTILE.INC(cleaned_data!$G$2:$G$261,1)))+(cleaned_data!$G$2:$G$261>_xlfn.QUARTILE.INC(cleaned_data!$G$2:$G$261,3)+1.5*(_xlfn.QUARTILE.INC(cleaned_data!$G$2:$G$261,3)-_xlfn.QUARTILE.INC(cleaned_data!$G$2:$G$261,1)))),ROWS($B$206:B207)),"")} -> 120.2 | C207: =IFERROR(INDEX(cleaned_data!$A$2:$A$261,MATCH(B207,cleaned_data!$G$2:$G$261,0)),"") -> ITI-1113 | D207: =IFERROR(_xlfn.XLOOKUP(C207,cleaned_data!$A$2:$A$261,cleaned_data!$B$2:$B$261),"") -> Cairo
A208: 3 | B208: {=IFERROR(SMALL(_xlfn._xlws.FILTER(cleaned_data!$G$2:$G$261,(cleaned_data!$G$2:$G$261<_xlfn.QUARTILE.INC(cleaned_data!$G$2:$G$261,1)-1.5*(_xlfn.QUARTILE.INC(cleaned_data!$G$2:$G$261,3)-_xlfn.QUARTILE.INC(cleaned_data!$G$2:$G$261,1)))+(cleaned_data!$G$2:$G$261>_xlfn.QUARTILE.INC(cleaned_data!$G$2:$G$261,3)+1.5*(_xlfn.QUARTILE.INC(cleaned_data!$G$2:$G$261,3)-_xlfn.QUARTILE.INC(cleaned_data!$G$2:$G$261,1)))),ROWS($B$206:B208)),"")} -> 121.4 | C208: =IFERROR(INDEX(cleaned_data!$A$2:$A$261,MATCH(B208,cleaned_data!$G$2:$G$261,0)),"") -> ITI-1104 | D208: =IFERROR(_xlfn.XLOOKUP(C208,cleaned_data!$A$2:$A$261,cleaned_data!$B$2:$B$261),"") -> Cairo
A209: 4 | B209: {=IFERROR(SMALL(_xlfn._xlws.FILTER(cleaned_data!$G$2:$G$261,(cleaned_data!$G$2:$G$261<_xlfn.QUARTILE.INC(cleaned_data!$G$2:$G$261,1)-1.5*(_xlfn.QUARTILE.INC(cleaned_data!$G$2:$G$261,3)-_xlfn.QUARTILE.INC(cleaned_data!$G$2:$G$261,1)))+(cleaned_data!$G$2:$G$261>_xlfn.QUARTILE.INC(cleaned_data!$G$2:$G$261,3)+1.5*(_xlfn.QUARTILE.INC(cleaned_data!$G$2:$G$261,3)-_xlfn.QUARTILE.INC(cleaned_data!$G$2:$G$261,1)))),ROWS($B$206:B209)),"")} -> 126.7 | C209: =IFERROR(INDEX(cleaned_data!$A$2:$A$261,MATCH(B209,cleaned_data!$G$2:$G$261,0)),"") -> ITI-1231 | D209: =IFERROR(_xlfn.XLOOKUP(C209,cleaned_data!$A$2:$A$261,cleaned_data!$B$2:$B$261),"") -> Cairo
A210: 5 | B210: {=IFERROR(SMALL(_xlfn._xlws.FILTER(cleaned_data!$G$2:$G$261,(cleaned_data!$G$2:$G$261<_xlfn.QUARTILE.INC(cleaned_data!$G$2:$G$261,1)-1.5*(_xlfn.QUARTILE.INC(cleaned_data!$G$2:$G$261,3)-_xlfn.QUARTILE.INC(cleaned_data!$G$2:$G$261,1)))+(cleaned_data!$G$2:$G$261>_xlfn.QUARTILE.INC(cleaned_data!$G$2:$G$261,3)+1.5*(_xlfn.QUARTILE.INC(cleaned_data!$G$2:$G$261,3)-_xlfn.QUARTILE.INC(cleaned_data!$G$2:$G$261,1)))),ROWS($B$206:B210)),"")} -> 132 | C210: =IFERROR(INDEX(cleaned_data!$A$2:$A$261,MATCH(B210,cleaned_data!$G$2:$G$261,0)),"") -> ITI-1173 | D210: =IFERROR(_xlfn.XLOOKUP(C210,cleaned_data!$A$2:$A$261,cleaned_data!$B$2:$B$261),"") -> Cairo
A211: 6 | B211: {=IFERROR(SMALL(_xlfn._xlws.FILTER(cleaned_data!$G$2:$G$261,(cleaned_data!$G$2:$G$261<_xlfn.QUARTILE.INC(cleaned_data!$G$2:$G$261,1)-1.5*(_xlfn.QUARTILE.INC(cleaned_data!$G$2:$G$261,3)-_xlfn.QUARTILE.INC(cleaned_data!$G$2:$G$261,1)))+(cleaned_data!$G$2:$G$261>_xlfn.QUARTILE.INC(cleaned_data!$G$2:$G$261,3)+1.5*(_xlfn.QUARTILE.INC(cleaned_data!$G$2:$G$261,3)-_xlfn.QUARTILE.INC(cleaned_data!$G$2:$G$261,1)))),ROWS($B$206:B211)),"")} -> 133.7 | C211: =IFERROR(INDEX(cleaned_data!$A$2:$A$261,MATCH(B211,cleaned_data!$G$2:$G$261,0)),"") -> ITI-1020 | D211: =IFERROR(_xlfn.XLOOKUP(C211,cleaned_data!$A$2:$A$261,cleaned_data!$B$2:$B$261),"") -> Cairo
A212: 7 | B212: {=IFERROR(SMALL(_xlfn._xlws.FILTER(cleaned_data!$G$2:$G$261,(cleaned_data!$G$2:$G$261<_xlfn.QUARTILE.INC(cleaned_data!$G$2:$G$261,1)-1.5*(_xlfn.QUARTILE.INC(cleaned_data!$G$2:$G$261,3)-_xlfn.QUARTILE.INC(cleaned_data!$G$2:$G$261,1)))+(cleaned_data!$G$2:$G$261>_xlfn.QUARTILE.INC(cleaned_data!$G$2:$G$261,3)+1.5*(_xlfn.QUARTILE.INC(cleaned_data!$G$2:$G$261,3)-_xlfn.QUARTILE.INC(cleaned_data!$G$2:$G$261,1)))),ROWS($B$206:B212)),"")} -> 142.3 | C212: =IFERROR(INDEX(cleaned_data!$A$2:$A$261,MATCH(B212,cleaned_data!$G$2:$G$261,0)),"") -> ITI-1049 | D212: =IFERROR(_xlfn.XLOOKUP(C212,cleaned_data!$A$2:$A$261,cleaned_data!$B$2:$B$261),"") -> Cairo
A213: 8 | B213: {=IFERROR(SMALL(_xlfn._xlws.FILTER(cleaned_data!$G$2:$G$261,(cleaned_data!$G$2:$G$261<_xlfn.QUARTILE.INC(cleaned_data!$G$2:$G$261,1)-1.5*(_xlfn.QUARTILE.INC(cleaned_data!$G$2:$G$261,3)-_xlfn.QUARTILE.INC(cleaned_data!$G$2:$G$261,1)))+(cleaned_data!$G$2:$G$261>_xlfn.QUARTILE.INC(cleaned_data!$G$2:$G$261,3)+1.5*(_xlfn.QUARTILE.INC(cleaned_data!$G$2:$G$261,3)-_xlfn.QUARTILE.INC(cleaned_data!$G$2:$G$261,1)))),ROWS($B$206:B213)),"")} -> 154 | C213: =IFERROR(INDEX(cleaned_data!$A$2:$A$261,MATCH(B213,cleaned_data!$G$2:$G$261,0)),"") -> ITI-1151 | D213: =IFERROR(_xlfn.XLOOKUP(C213,cleaned_data!$A$2:$A$261,cleaned_data!$B$2:$B$261),"") -> Cairo
A214: 9 | B214: {=IFERROR(SMALL(_xlfn._xlws.FILTER(cleaned_data!$G$2:$G$261,(cleaned_data!$G$2:$G$261<_xlfn.QUARTILE.INC(cleaned_data!$G$2:$G$261,1)-1.5*(_xlfn.QUARTILE.INC(cleaned_data!$G$2:$G$261,3)-_xlfn.QUARTILE.INC(cleaned_data!$G$2:$G$261,1)))+(cleaned_data!$G$2:$G$261>_xlfn.QUARTILE.INC(cleaned_data!$G$2:$G$261,3)+1.5*(_xlfn.QUARTILE.INC(cleaned_data!$G$2:$G$261,3)-_xlfn.QUARTILE.INC(cleaned_data!$G$2:$G$261,1)))),ROWS($B$206:B214)),"")} -> 176 | C214: =IFERROR(INDEX(cleaned_data!$A$2:$A$261,MATCH(B214,cleaned_data!$G$2:$G$261,0)),"") -> ITI-1148 | D214: =IFERROR(_xlfn.XLOOKUP(C214,cleaned_data!$A$2:$A$261,cleaned_data!$B$2:$B$261),"") -> Cairo
A215: 10 | B215: {=IFERROR(SMALL(_xlfn._xlws.FILTER(cleaned_data!$G$2:$G$261,(cleaned_data!$G$2:$G$261<_xlfn.QUARTILE.INC(cleaned_data!$G$2:$G$261,1)-1.5*(_xlfn.QUARTILE.INC(cleaned_data!$G$2:$G$261,3)-_xlfn.QUARTILE.INC(cleaned_data!$G$2:$G$261,1)))+(cleaned_data!$G$2:$G$261>_xlfn.QUARTILE.INC(cleaned_data!$G$2:$G$261,3)+1.5*(_xlfn.QUARTILE.INC(cleaned_data!$G$2:$G$261,3)-_xlfn.QUARTILE.INC(cleaned_data!$G$2:$G$261,1)))),ROWS($B$206:B215)),"")} -> 190.2 | C215: =IFERROR(INDEX(cleaned_data!$A$2:$A$261,MATCH(B215,cleaned_data!$G$2:$G$261,0)),"") -> ITI-1063 | D215: =IFERROR(_xlfn.XLOOKUP(C215,cleaned_data!$A$2:$A$261,cleaned_data!$B$2:$B$261),"") -> Mansoura
A216: 11 | B216: {=IFERROR(SMALL(_xlfn._xlws.FILTER(cleaned_data!$G$2:$G$261,(cleaned_data!$G$2:$G$261<_xlfn.QUARTILE.INC(cleaned_data!$G$2:$G$261,1)-1.5*(_xlfn.QUARTILE.INC(cleaned_data!$G$2:$G$261,3)-_xlfn.QUARTILE.INC(cleaned_data!$G$2:$G$261,1)))+(cleaned_data!$G$2:$G$261>_xlfn.QUARTILE.INC(cleaned_data!$G$2:$G$261,3)+1.5*(_xlfn.QUARTILE.INC(cleaned_data!$G$2:$G$261,3)-_xlfn.QUARTILE.INC(cleaned_data!$G$2:$G$261,1)))),ROWS($B$206:B216)),"")} -> 191.9 | C216: =IFERROR(INDEX(cleaned_data!$A$2:$A$261,MATCH(B216,cleaned_data!$G$2:$G$261,0)),"") -> ITI-1132 | D216: =IFERROR(_xlfn.XLOOKUP(C216,cleaned_data!$A$2:$A$261,cleaned_data!$B$2:$B$261),"") -> Cairo
A217: 12 | B217: {=IFERROR(SMALL(_xlfn._xlws.FILTER(cleaned_data!$G$2:$G$261,(cleaned_data!$G$2:$G$261<_xlfn.QUARTILE.INC(cleaned_data!$G$2:$G$261,1)-1.5*(_xlfn.QUARTILE.INC(cleaned_data!$G$2:$G$261,3)-_xlfn.QUARTILE.INC(cleaned_data!$G$2:$G$261,1)))+(cleaned_data!$G$2:$G$261>_xlfn.QUARTILE.INC(cleaned_data!$G$2:$G$261,3)+1.5*(_xlfn.QUARTILE.INC(cleaned_data!$G$2:$G$261,3)-_xlfn.QUARTILE.INC(cleaned_data!$G$2:$G$261,1)))),ROWS($B$206:B217)),"")} -> 200 | C217: =IFERROR(INDEX(cleaned_data!$A$2:$A$261,MATCH(B217,cleaned_data!$G$2:$G$261,0)),"") -> ITI-1086 | D217: =IFERROR(_xlfn.XLOOKUP(C217,cleaned_data!$A$2:$A$261,cleaned_data!$B$2:$B$261),"") -> Cairo
... A220: 15 | B220: {=IFERROR(SMALL(_xlfn._xlws.FILTER(cleaned_data!$G$2:$G$261,(cleaned_data!$G$2:$G$261<_xlfn.QUARTILE.INC(cleaned_data!$G$2:$G$261,1)-1.5*(_xlfn.QUARTILE.INC(cleaned_data!$G$2:$G$261,3)-_xlfn.QUARTILE.INC(cleaned_data!$G$2:$G$261,1)))+(cleaned_data!$G$2:$G$261>_xlfn.QUARTILE.INC(cleaned_data!$G$2:$G$261,3)+1.5*(_xlfn.QUARTILE.INC(cleaned_data!$G$2:$G$261,3)-_xlfn.QUARTILE.INC(cleaned_data!$G$2:$G$261,1)))),ROWS($B$206:B220)),"")} -> 256.5 | C220: =IFERROR(INDEX(cleaned_data!$A$2:$A$261,MATCH(B220,cleaned_data!$G$2:$G$261,0)),"") -> ITI-1101 | D220: =IFERROR(_xlfn.XLOOKUP(C220,cleaned_data!$A$2:$A$261,cleaned_data!$B$2:$B$261),"") -> Cairo
A231: 3) How many observations fall outside the fences? Do you believe those extreme students?
A244: Outlier does not necessarily mean error.
A266: Why can the average alone be misleading?
A283: C4. CUT THE DATA BY GROUP (commute_minutes by Branch)
A285: Branch | B285: Count | C285: Mean (min) | D285: Median (min) | E285: Std Dev (min)
A286: =Branch_Calculations!A5 -> Cairo | B286: =Branch_Calculations!B5 -> 98 | C286: =Branch_Calculations!C5 -> 60.352041 | D286: =Branch_Calculations!D5 -> 46.6 | E286: =Branch_Calculations!E5 -> 44.871689
A287: =Branch_Calculations!A6 -> Alexandria | B287: =Branch_Calculations!B6 -> 52 | C287: =Branch_Calculations!C6 -> 43.9 | D287: =Branch_Calculations!D6 -> 33.35 | E287: =Branch_Calculations!E6 -> 37.357252
A288: =Branch_Calculations!A7 -> Mansoura | B288: =Branch_Calculations!B7 -> 42 | C288: =Branch_Calculations!C7 -> 32.259524 | D288: =Branch_Calculations!D7 -> 27.7 | E288: =Branch_Calculations!E7 -> 30.063973
A289: =Branch_Calculations!A8 -> Menoufia | B289: =Branch_Calculations!B8 -> 32 | C289: =Branch_Calculations!C8 -> 36.7625 | D289: =Branch_Calculations!D8 -> 27.55 | E289: =Branch_Calculations!E8 -> 36.872525
A290: =Branch_Calculations!A9 -> Assiut | B290: =Branch_Calculations!B9 -> 30 | C290: =Branch_Calculations!C9 -> 25.906667 | D290: =Branch_Calculations!D9 -> 24.05 | E290: =Branch_Calculations!E9 -> 16.127101
A291: OVERALL (all branches combined) | B291: 254 | C291: =$C$6 -> 45.298425 | D291: =$C$7 -> 33.05 | E291: =C12 -> 39.577322
A293: 1) Which branch has the highest average commute time?
A294: =Branch_Calculations!D12&" --> has the highest average commute time." -> Cairo --> has the highest average commute time.
A297: 2) Which branch has the lowest average commute time?
A298: =Branch_Calculations!D13&" --> has the lowest average commute time." -> Assiut --> has the lowest average commute time.
A301: 3) Which branch has the highest variability (Std Dev)?
A302: =Branch_Calculations!D14&" --> has the highest variability, meaning its students' commute times are the most spread out / inconsistent." -> Cairo --> has the highest variability, meaning its students' commute times are the most spread out / inconsistent.
...

Sheet Branch_Calculations
A1: HELPER SHEET — Branch-Level Calculations (feeds Descriptive_Statistics)
A2: All branch names below are pulled from cleaned_data. All statistics are computed with live formulas (no typed results).
A4: Branch | B4: Count (non-blank commute) | C4: Mean Commute (min) | D4: Median Commute (min) | E4: Std Dev Commute (min)
A5: Cairo | B5: =COUNTIFS(cleaned_data!$B$2:$B$261,$A5,cleaned_data!$G$2:$G$261,"<>"&"") -> 98 | C5: =AVERAGEIFS(cleaned_data!$G$2:$G$261,cleaned_data!$B$2:$B$261,$A5) -> 60.352041 | D5: {=MEDIAN(_xlfn._xlws.FILTER(cleaned_data!$G$2:$G$261,(cleaned_data!$B$2:$B$261=A5)*(cleaned_data!$G$2:$G$261<>"")))} -> 46.6 | E5: {=_xlfn.STDEV.S(_xlfn._xlws.FILTER(cleaned_data!$G$2:$G$261,(cleaned_data!$B$2:$B$261=A5)*(cleaned_data!$G$2:$G$261<>"")))} -> 44.871689
A6: Alexandria | B6: =COUNTIFS(cleaned_data!$B$2:$B$261,$A6,cleaned_data!$G$2:$G$261,"<>"&"") -> 52 | C6: =AVERAGEIFS(cleaned_data!$G$2:$G$261,cleaned_data!$B$2:$B$261,$A6) -> 43.9 | D6: {=MEDIAN(_xlfn._xlws.FILTER(cleaned_data!$G$2:$G$261,(cleaned_data!$B$2:$B$261=A6)*(cleaned_data!$G$2:$G$261<>"")))} -> 33.35 | E6: {=_xlfn.STDEV.S(_xlfn._xlws.FILTER(cleaned_data!$G$2:$G$261,(cleaned_data!$B$2:$B$261=A6)*(cleaned_data!$G$2:$G$261<>"")))} -> 37.357252
A7: Mansoura | B7: =COUNTIFS(cleaned_data!$B$2:$B$261,$A7,cleaned_data!$G$2:$G$261,"<>"&"") -> 42 | C7: =AVERAGEIFS(cleaned_data!$G$2:$G$261,cleaned_data!$B$2:$B$261,$A7) -> 32.259524 | D7: {=MEDIAN(_xlfn._xlws.FILTER(cleaned_data!$G$2:$G$261,(cleaned_data!$B$2:$B$261=A7)*(cleaned_data!$G$2:$G$261<>"")))} -> 27.7 | E7: {=_xlfn.STDEV.S(_xlfn._xlws.FILTER(cleaned_data!$G$2:$G$261,(cleaned_data!$B$2:$B$261=A7)*(cleaned_data!$G$2:$G$261<>"")))} -> 30.063973
A8: Menoufia | B8: =COUNTIFS(cleaned_data!$B$2:$B$261,$A8,cleaned_data!$G$2:$G$261,"<>"&"") -> 32 | C8: =AVERAGEIFS(cleaned_data!$G$2:$G$261,cleaned_data!$B$2:$B$261,$A8) -> 36.7625 | D8: {=MEDIAN(_xlfn._xlws.FILTER(cleaned_data!$G$2:$G$261,(cleaned_data!$B$2:$B$261=A8)*(cleaned_data!$G$2:$G$261<>"")))} -> 27.55 | E8: {=_xlfn.STDEV.S(_xlfn._xlws.FILTER(cleaned_data!$G$2:$G$261,(cleaned_data!$B$2:$B$261=A8)*(cleaned_data!$G$2:$G$261<>"")))} -> 36.872525
A9: Assiut | B9: =COUNTIFS(cleaned_data!$B$2:$B$261,$A9,cleaned_data!$G$2:$G$261,"<>"&"") -> 30 | C9: =AVERAGEIFS(cleaned_data!$G$2:$G$261,cleaned_data!$B$2:$B$261,$A9) -> 25.906667 | D9: {=MEDIAN(_xlfn._xlws.FILTER(cleaned_data!$G$2:$G$261,(cleaned_data!$B$2:$B$261=A9)*(cleaned_data!$G$2:$G$261<>"")))} -> 24.05 | E9: {=_xlfn.STDEV.S(_xlfn._xlws.FILTER(cleaned_data!$G$2:$G$261,(cleaned_data!$B$2:$B$261=A9)*(cleaned_data!$G$2:$G$261<>"")))} -> 16.127101
A10: Total | B10: =SUM(B5:B9) -> 254 | C10: =AVERAGE(cleaned_data!G2:G261) -> 45.298425
A11: Overall mean commute (all 254 valid rows) | D11: 45.298425
A12: Branch with HIGHEST mean commute | D12: =_xlfn.SINGLE(INDEX($A$5:$A$9,MATCH(MAX($C$5:$C$9),$C$5:$C$9,0))) -> Cairo
A13: Branch with LOWEST mean commute | D13: =_xlfn.SINGLE(INDEX($A$5:$A$9,MATCH(MIN($C$5:$C$9),$C$5:$C$9,0))) -> Assiut
A14: Branch with HIGHEST variability (Std Dev) | D14: =_xlfn.SINGLE(INDEX($A$5:$A$9,MATCH(MAX($E$5:$E$9),$E$5:$E$9,0))) -> Cairo
A15: Branch with LOWEST variability (Std Dev) | D15: =_xlfn.SINGLE(INDEX($A$5:$A$9,MATCH(MIN($E$5:$E$9),$E$5:$E$9,0))) -> Assiut
A17: Overall mean commute EXCLUDING the highest-mean branch | D17: =AVERAGEIFS(cleaned_data!$G$2:$G$261,cleaned_data!$B$2:$B$261,"<>"&$D$12) -> 35.841667
A18: Change in overall mean (Original − Excluding branch) | D18: =$D$11-$D$17 -> 9.4567585
A19: Percent change in overall mean | D19: =$D$18/$D$11 -> 0.20876572
